[
  {
    "title": "What is JsonFormat and what does it do?",
    "content": "JsonFormat is a versatile online tool designed to visualize and analyze various data formats, including JSON, YAML, CSV, XML and more. It transforms complex data into intuitive graphs and tree views, making it ideal for developers, data analysts, and anyone working with structured data."
  },
  {
    "title": "Is JsonFormat free?",
    "content": "Yes, JsonFormat is a free-forever open source online tool. For advanced features you may use ToDiagram.com"
  },
  {
    "title": "Is my data secure?",
    "content": "Absolutely! JsonFormat prioritizes your data privacy. When you paste or import your data into the editor, it's processed only on your browser to create the visualization without going into our servers. Your data remains completely private and is never stored anywhere unless you choose to upload it manually."
  },
  {
    "title": "Can I convert JSON to other formats using JsonFormat?",
    "content": "Yes, JsonFormat offers robust data conversion capabilities. You can easily convert JSON to YAML, XML to JSON, CSV to JSON and other popular formats."
  },
  {
    "title": "What kind of data formats are supported?",
    "content": "A wide range of data formats are supported including JSON, YAML, XML, CSV, and TOML."
  },
  {
    "title": "What size of data can I visualize?",
    "content": "It supports approximately 300 KB. It might vary depending on the complexity of the data and your hardware."
  },
  {
    "title": "Can I export the generated graphs?",
    "content": "Yes, you can export the generated graphs as PNG, JPEG, or SVG files."
  },
  {
    "title": "How to use VS Code extension?",
    "content": "You can use the VS Code extension to visualize JSON data directly in your editor. Install the extension from the VS Code marketplace and follow the instructions at extension's page."
  },
  {
    "title": "I've previously subscribed to the premium plan, where did it go?",
    "content": "We have moved the premium features to ToDiagram.com. You can use the same credentials to access the premium features or manage your subscription."
  }
]
