{
  "Introduction": [
    "Subject to these Terms of Service (“Terms”, “Terms of Service”), jsoncrack.com ('JsonFormat', 'we', 'us' and/or 'our') provides access to JsonFormat's application as a service (collectively, the 'Services'). By using or accessing the Services, you acknowledge that you have read, understand, and agree to be bound by this Agreement.",
    "These Terms of Service govern your use of our web pages located at https://jsoncrack.com.",
    "Our Privacy Policy also governs your use of our Service and explains how we collect, safeguard and disclose information that results from your use of our web pages. Please read it here https://jsoncrack.com/legal/privacy.",
    "Your agreement with us includes these Terms and our Privacy Policy (“Agreements”). You acknowledge that you have read and understood Agreements, and agree to be bound of them.",
    "If you do not agree with (or cannot comply with) Agreements, then you may not use the Service, but please let us know by emailing at contact@todiagram.com so we can try to find a solution. These Terms apply to all visitors, users and others who wish to access or use Service.",
    "Thank you for being responsible."
  ],
  "Prohibited Uses": [
    "You may use Service only for lawful purposes and in accordance with Terms. You agree not to use Service:",
    "• In any way that violates any applicable national or international law or regulation.",
    "• For the purpose of exploiting, harming, or attempting to exploit or harm minors in any way by exposing them to inappropriate content or otherwise.",
    "• To transmit, or procure the sending of, any advertising or promotional material, including any “junk mail”, “chain letter,” “spam,” or any other similar solicitation.",
    "• In any way that infringes upon the rights of others, or in any way is illegal, threatening, fraudulent, or harmful, or in connection with any unlawful, illegal, fraudulent, or harmful purpose or activity.",
    "• To engage in any other conduct that restricts or inhibits anyone's use or enjoyment of Service, or which, as determined by us, may harm or offend Company or users of Service or expose them to liability.",
    "Additionally, you agree not to:",
    "• Use Service in any manner that could disable, overburden, damage, or impair Service or interfere with any other party's use of Service, including their ability to engage in real time activities through Service.",
    "• Use any robot, spider, or other automatic device, process, or means to access Service for any purpose, including monitoring or copying any of the material on Service.",
    "• Use any manual process to monitor or copy any of the material on Service or for any other unauthorized purpose without our prior written consent.",
    "• Use any device, software, or routine that interferes with the proper working of Service.",
    "• Introduce any viruses, trojan horses, worms, logic bombs, or other material which is malicious or technologically harmful.",
    "• Attempt to gain unauthorized access to, interfere with, damage, or disrupt any parts of Service, the server on which Service is stored, or any server, computer, or database connected to Service.",
    "• Attack Service via a denial-of-service attack or a distributed denial-of-service attack.",
    "• Take any action that may damage or falsify Company rating.",
    "• Otherwise attempt to interfere with the proper working of Service."
  ],
  "Analytics": [
    "We may use third-party Service Providers to monitor and analyze the use of our Service.",
    "Google Analytics is a web analytics service offered by Google that tracks and reports website traffic. Google uses the data collected to track and monitor the use of our Service. This data is shared with other Google services. Google may use the collected data to contextualise and personalise the ads of its own advertising network.",
    "For more information on the privacy practices of Google, please visit the Google Privacy Terms web page: https://policies.google.com/privacy?hl=en",
    "We also encourage you to review the Google's policy for safeguarding your data: https://support.google.com/analytics/answer/6004245"
  ],
  "Data Security": [
    "As we do not store any user data on our servers, we are not responsible for any data security risks that may occur when users store or process data locally on their devices."
  ],
  "Intellectual Property": [
    "Service and its original content (excluding Content provided by users), features and functionality are and will remain the exclusive property of JsonFormat and its licensors. Service is protected by copyright and other laws of foreign countries. Our trademarks and trade dress may not be used in connection with any product or service without the prior written consent of JsonFormat."
  ],
  "Error Reporting & Feedback": [
    "You may provide us either directly at contact@todiagram.com or via third party sites and tools with information and feedback concerning errors, suggestions for improvements, ideas, problems, complaints, and other matters related to our Service (“Feedback”). You acknowledge and agree that: (i) you shall not retain, acquire or assert any intellectual property right or other right, title or interest in or to the Feedback; (ii) Company may have development ideas similar to the Feedback; (iii) Feedback does not contain confidential information or proprietary information from you or any third party; and (iv) Company is not under any obligation of confidentiality with respect to the Feedback. In the event the transfer of the ownership to the Feedback is not possible due to applicable mandatory laws, you grant Company and its affiliates an exclusive, transferable, irrevocable, free-of-charge, sub-licensable, unlimited and perpetual right to use (including copy, modify, create derivative works, publish, distribute and commercialize) Feedback in any manner and for any purpose.",
    "The third party sites and tools mentioned above include the following:",
    "Sentry is open-source error tracking solution provided by Functional Software Inc. More information is available here: https://sentry.io/privacy/"
  ],
  "Disclaimer of Warranty": [
    "THESE SERVICES ARE PROVIDED BY COMPANY ON AN “AS IS” AND “AS AVAILABLE” BASIS. COMPANY MAKES NO REPRESENTATIONS OR WARRANTIES OF ANY KIND, EXPRESS OR IMPLIED, AS TO THE OPERATION OF THEIR SERVICES, OR THE INFORMATION, CONTENT OR MATERIALS INCLUDED THEREIN. YOU EXPRESSLY AGREE THAT YOUR USE OF THESE SERVICES, THEIR CONTENT, AND ANY SERVICES OR ITEMS OBTAINED FROM US IS AT YOUR SOLE RISK.",
    "NEITHER COMPANY NOR ANY PERSON ASSOCIATED WITH COMPANY MAKES ANY WARRANTY OR REPRESENTATION WITH RESPECT TO THE COMPLETENESS, SECURITY, RELIABILITY, QUALITY, ACCURACY, OR AVAILABILITY OF THE SERVICES. WITHOUT LIMITING THE FOREGOING, NEITHER COMPANY NOR ANYONE ASSOCIATED WITH COMPANY REPRESENTS OR WARRANTS THAT THE SERVICES, THEIR CONTENT, OR ANY SERVICES OR ITEMS OBTAINED THROUGH THE SERVICES WILL BE ACCURATE, RELIABLE, ERROR-FREE, OR UNINTERRUPTED, THAT DEFECTS WILL BE CORRECTED, THAT THE SERVICES OR THE SERVER THAT MAKES IT AVAILABLE ARE FREE OF VIRUSES OR OTHER HARMFUL COMPONENTS OR THAT THE SERVICES OR ANY SERVICES OR ITEMS OBTAINED THROUGH THE SERVICES WILL OTHERWISE MEET YOUR NEEDS OR EXPECTATIONS.",
    "COMPANY HEREBY DISCLAIMS ALL WARRANTIES OF ANY KIND, WHETHER EXPRESS OR IMPLIED, STATUTORY, OR OTHERWISE, INCLUDING BUT NOT LIMITED TO ANY WARRANTIES OF MERCHANTABILITY, NON-INFRINGEMENT, AND FITNESS FOR PARTICULAR PURPOSE.",
    "THE FOREGOING DOES NOT AFFECT ANY WARRANTIES WHICH CANNOT BE EXCLUDED OR LIMITED UNDER APPLICABLE LAW."
  ],
  "Limitation of Liability": [
    "EXCEPT AS PROHIBITED BY LAW, YOU WILL HOLD US AND OUR OFFICERS, DIRECTORS, EMPLOYEES, AND AGENTS HARMLESS FOR ANY INDIRECT, PUNITIVE, SPECIAL, INCIDENTAL, OR CONSEQUENTIAL DAMAGE, HOWEVER IT ARISES (INCLUDING ATTORNEYS' FEES AND ALL RELATED COSTS AND EXPENSES OF LITIGATION AND ARBITRATION, OR AT TRIAL OR ON APPEAL, IF ANY, WHETHER OR NOT LITIGATION OR ARBITRATION IS INSTITUTED), WHETHER IN AN ACTION OF CONTRACT, NEGLIGENCE, OR OTHER TORTIOUS ACTION, OR ARISING OUT OF OR IN CONNECTION WITH THIS AGREEMENT, INCLUDING WITHOUT LIMITATION ANY CLAIM FOR PERSONAL INJURY OR PROPERTY DAMAGE, ARISING FROM THIS AGREEMENT AND ANY VIOLATION BY YOU OF ANY FEDERAL, STATE, OR LOCAL LAWS, STATUTES, RULES, OR REGULATIONS, EVEN IF COMPANY HAS BEEN PREVIOUSLY ADVISED OF THE POSSIBILITY OF SUCH DAMAGE. EXCEPT AS PROHIBITED BY LAW, IF THERE IS LIABILITY FOUND ON THE PART OF COMPANY, IT WILL BE LIMITED TO THE AMOUNT PAID FOR THE PRODUCTS AND/OR SERVICES, AND UNDER NO CIRCUMSTANCES WILL THERE BE CONSEQUENTIAL OR PUNITIVE DAMAGES. SOME STATES DO NOT ALLOW THE EXCLUSION OR LIMITATION OF PUNITIVE, INCIDENTAL OR CONSEQUENTIAL DAMAGES, SO THE PRIOR LIMITATION OR EXCLUSION MAY NOT APPLY TO YOU."
  ],
  "Termination": [
    "We may terminate or suspend your account and bar access to Service immediately, without prior notice or liability, under our sole discretion, for any reason whatsoever and without limitation, including but not limited to a breach of Terms.",
    "If you wish to terminate your account, you may simply discontinue using Service.",
    "All provisions of Terms which by their nature should survive termination shall survive termination, including, without limitation, ownership provisions, warranty disclaimers, indemnity and limitations of liability."
  ],
  "Changes To Service": [
    "We reserve the right to withdraw or amend our Service, and any service or material we provide via Service, in our sole discretion without notice. We will not be liable if for any reason all or any part of Service is unavailable at any time or for any period. From time to time, we may restrict access to some parts of Service, or the entire Service, to users, including registered users."
  ],
  "Amendments To Terms": [
    "We may amend Terms at any time by posting the amended terms on this site. It is your responsibility to review these Terms periodically.",
    "Your continued use of the Platform following the posting of revised Terms means that you accept and agree to the changes. You are expected to check this page frequently so you are aware of any changes, as they are binding on you.",
    "By continuing to access or use our Service after any revisions become effective, you agree to be bound by the revised terms. If you do not agree to the new terms, you are no longer authorized to use Service."
  ],
  "Acknowledgement": [
    "BY USING SERVICE OR OTHER SERVICES PROVIDED BY US, YOU ACKNOWLEDGE THAT YOU HAVE READ THESE TERMS OF SERVICE AND AGREE TO BE BOUND BY THEM."
  ],
  "Contact Us": [
    "If you have any questions about these terms of service, please contact us:",
    "By email: contact@todiagram.com."
  ]
}
